block,logIndex,transactionHash,sender,recipient,amount0,amount1,sqrtPriceX96,liquidity,tick,price,raw_price,is_zero_for_one,volume_token0,volume_token1,gas_used,gas_price
28072365,4,0xc59bef40ec0e57c2ebd368f62f84b8808a0b48a384151c1991d23db48591c274,0x92EBbBC944A7fB990976531cA642DaB1B12d70d1,0x92EBbBC944A7fB990976531cA642DaB1B12d70d1,119018338577,-77247616,2018049962827488501776771949,3430697874500,-73408,1541.328961693007,0.0006487907674826227,True,119018338577,77247616,,
28072596,258,0x16996602112423e7ce76a2dc42317b7052959b60a4f778943abf460f9351ad3c,0x6Cb442acF35158D5eDa88fe602221b67B400Be3E,0x23a7e5b6f0957094FaBA7328194781246Eba2103,780000000000,-502892900,2006436209034552498376796842,3430697874500,-73524,1559.2237959360718,0.0006413447528227693,True,780000000000,502892900,,
28108764,166,0xa7fce0e7fc6c96b6dc618f6700f507375e956b382e4594605ec9c59ff3c7675b,0x6Cb442acF35158D5eDa88fe602221b67B400Be3E,0x23a7e5b6f0957094FaBA7328194781246Eba2103,1000000000000,-640778298,2005666898820523305950631829,65991177837797,-73531,1560.4201629330985,0.0006408530367361538,True,1000000000000,640778298,,
28108815,228,0x61460e5b97c829821d52164bcf7717b4c859e9a04f11c77663dbd7d451103903,0x6Cb442acF35158D5eDa88fe602221b67B400Be3E,0x23a7e5b6f0957094FaBA7328194781246Eba2103,-1558707381033,1000000000,2006866885713129597648685249,65991177837797,-73519,1558.5546441596143,0.0006416201085713029,False,1558707381033,1000000000,,
28108886,229,0x3cbd793ff2060df2b01c744f4ede28ea2bad9612bcc720a03652ca36855e82fe,0x6Cb442acF35158D5eDa88fe602221b67B400Be3E,0x23a7e5b6f0957094FaBA7328194781246Eba2103,-225028060847,144467235,2007040244501081445955185214,65991177837797,-73518,1558.285414406032,0.0006417309632466576,False,225028060847,144467235,,
28109015,174,0xa8a90cec8f71aec7904868901edb7ad7c4fe7c1152784f9c1c7f5a4e2a962040,0x6Cb442acF35158D5eDa88fe602221b67B400Be3E,0x23a7e5b6f0957094FaBA7328194781246Eba2103,1300000000000,-833417427,2006039654216576570838828950,65991177837797,-73528,1559.8403129844187,0.0006410912653531279,True,1300000000000,833417427,,
28109904,654,0x69b4f3111ccc2614b022c9e2435f4d89d027a4d4389e942609ecf38308061269,0x6Cb442acF35158D5eDa88fe602221b67B400Be3E,0x34B79d1E76441E52489A83EcE387986Fcd5cA6B4,-15590510667,10000000,2006051654085502633755809484,65991177837797,-73527,1559.8216516271405,0.0006410989352256022,False,15590510667,10000000,,
28109980,559,0xe274d7ffe53eb1c44c3bc1c43f83029c4fb71b40c58a6432fda100da02d0b099,0x6Cb442acF35158D5eDa88fe602221b67B400Be3E,0x34B79d1E76441E52489A83EcE387986Fcd5cA6B4,-529966406047,340000000,2006459649628988772933147646,65991177837797,-73523,1559.1873646834933,0.0006413597381883572,False,529966406047,340000000,,
28110127,457,0xe893a52a9a5e10c37025fb3670b3bdc96b149e7d6a9210b636f489b87962e9d4,0x6Cb442acF35158D5eDa88fe602221b67B400Be3E,0x34B79d1E76441E52489A83EcE387986Fcd5cA6B4,547000000000,-350574809,2006038754005149435413211946,65991177837797,-73528,1559.8417129438028,0.0006410906899731226,True,547000000000,350574809,,
28110584,213,0x7a62e9e9a53a23faa6bbbddcbb41b17bd3763b6e5ae910b3983c7d502007fd2d,0x6Cb442acF35158D5eDa88fe602221b67B400Be3E,0x3CEBfEfbda10326A2a5B4aEb33A0FEffe2bA14D7,-1998679753380,1282959823,2007578288976383671452854285,65991177837797,-73512,1557.450264403911,0.0006420750780011161,False,1998679753380,1282959823,,
28112631,101,0x3404317046ce262f5eaaf7e3166b71fc59a2994529b1e34f86914edc68b1579d,0x6Cb442acF35158D5eDa88fe602221b67B400Be3E,0x3CEBfEfbda10326A2a5B4aEb33A0FEffe2bA14D7,1200000000000,-769840006,2006887875266031714239985761,88342696905992,-73519,1558.5220432410608,0.000641633529879646,True,1200000000000,769840006,,
28112698,393,0x2f8448b2f11ebab5d3f26b7bfd594920254fcb86605c1de4f229eb3f1c079dca,0x6Ea77f83eC8693666866ecE250411C974aB962a8,0x1111111254EEB25477B68fb85Ed929f73A960582,-15468317221,9930000,2006896776310639584101049255,88342696905992,-73519,1558.5082184707694,0.0006416392214993992,False,15468317221,9930000,,
28142887,486,0x28c9cd4e2daa62b0f4b76dc1f46b010897f0befa06a446f0c8ee60402cfb185a,0x6Cb442acF35158D5eDa88fe602221b67B400Be3E,0xB547A0c155068ac2c854A65B00b18C076efB9353,-567336850108,364730000,2009774928124875972126744677,10035064560218,-73490,1554.04760816508,0.0006434809298929625,False,567336850108,364730000,,
28152272,518,0x144ed3e4ae00acdd298fb75bfaaa0d75187730e91421587d76747f3f923af18c,0x6Cb442acF35158D5eDa88fe602221b67B400Be3E,0xB547A0c155068ac2c854A65B00b18C076efB9353,-505656914640,325960000,2012347138706315648163417503,10035064560218,-73465,1550.0773359410234,0.0006451291021508411,False,505656914640,325960000,,
28202635,564,0x253e346733b4462a51179e4af330ce6e681980b0c12df63211d28304ca7d62f9,0x6Cb442acF35158D5eDa88fe602221b67B400Be3E,0xB547A0c155068ac2c854A65B00b18C076efB9353,-595628553588,385030000,2015385481570997567614884365,10035064560218,-73435,1545.407146172419,0.0006470786695122679,False,595628553588,385030000,,
28369421,370,0x34801c713abe898652094d674f97cc32cdffce76a24cefed5366ab4693ac20a6,0x6Cb442acF35158D5eDa88fe602221b67B400Be3E,0xB547A0c155068ac2c854A65B00b18C076efB9353,-605875817785,392450000,2016436521643480911482889874,29568373886169,-73424,1543.7965211878734,0.0006477537591745255,False,605875817785,392450000,,
28378633,668,0x9ec880260e1f2190149acd75459f9dbc8556d5e5aa7c9e3be72c5ce69ffc6e69,0x6Cb442acF35158D5eDa88fe602221b67B400Be3E,0xB547A0c155068ac2c854A65B00b18C076efB9353,-604982496792,392280000,2017487106430418779064852420,29568373886169,-73414,1542.189108834727,0.0006484289081483636,False,604982496792,392280000,,
28394512,313,0x3818d81827c6d5a3974b752359a9964e81c7f6763451cb572639bdc75606d995,0x6Ea77f83eC8693666866ecE250411C974aB962a8,0x1111111254EEB25477B68fb85Ed929f73A960582,-125497938103,81426000,2017705177494100850049171993,29568373886169,-73412,1541.8557710911336,0.0006485690936528547,False,125497938103,81426000,,
28409654,454,0xbee99376c23ed885c762c45b8b896431f5ed08a11a1d265ae3bce840848af325,0x6Cb442acF35158D5eDa88fe602221b67B400Be3E,0x3CEBfEfbda10326A2a5B4aEb33A0FEffe2bA14D7,-19787192156,12840000,2017739564943535647183240513,29568373886169,-73411,1541.8032171971795,0.000648591200774561,False,19787192156,12840000,,
28410021,212,0x134e36d9c43cb6c134a034656a689b47d75cb0ed670fd46693167def43cfa361,0x6Cb442acF35158D5eDa88fe602221b67B400Be3E,0x3CEBfEfbda10326A2a5B4aEb33A0FEffe2bA14D7,-1556440552,1010000,2017742269875305829823848706,29568373886169,-73411,1541.799083398951,0.0006485929397463801,False,1556440552,1010000,,
28445404,605,0xaa11d1a7f6f1ff2a0f10150aa8b8152fa8ae500ba9d4c2ffc1b04b5eec3fa1cc,0x6Ea77f83eC8693666866ecE250411C974aB962a8,0x1111111254EEB25477B68fb85Ed929f73A960582,1152089243,-746862,2017740268664456535472831794,29568373886169,-73411,1541.8021417376592,0.0006485916531890199,True,1152089243,746862,,
28497905,337,0x35d3424d12faf9cc9a73630655786d5b3321d71dd311228d1c7f8d8f48ded93c,0x6Ea77f83eC8693666866ecE250411C974aB962a8,0x1111111254EEB25477B68fb85Ed929f73A960582,-30512263,19800,2017740321691563883121366592,29568373886169,-73411,1541.802060699177,0.0006485916872795718,False,30512263,19800,,
28532206,275,0x06f0267198db8a1b86603afcdd1d200844fc153d0555efb32831fa46f3c2648d,0x6Ea77f83eC8693666866ecE250411C974aB962a8,0x1111111254EEB25477B68fb85Ed929f73A960582,-107107025515,69510000,2017931731869588243553771278,28235905487722,-73409,1541.5095804277514,0.00064871474864432,False,107107025515,69510000,,
28615052,372,0xfbe01abc536172f9ee4aaa35d94c1f87c891e207410f8dd4bdab4956d84a3565,0x6Cb442acF35158D5eDa88fe602221b67B400Be3E,0xCEF2C867afb682e0A325E6C09211Dfee1f65A4b6,-769834452534,500000000,2019333998718573151619999587,28235905487722,-73395,1539.3694121831122,0.0006496166495745904,False,769834452534,500000000,,
28615180,239,0x0e07ec65ded3dab3c69d2e3116e0609bb208d48092e48cfe3a9f7a467024da23,0x6Cb442acF35158D5eDa88fe602221b67B400Be3E,0xCEF2C867afb682e0A325E6C09211Dfee1f65A4b6,2769834450000,-1794045235,2014442739971947361747187294,28235905487722,-73444,1546.8539587206956,0.0006464734400828869,True,2769834450000,1794045235,,
28618069,660,0xa556183934193c8f20f9664c7cfc755eac9687d5bc8d0d10d1987aee77da0918,0x6Cb442acF35158D5eDa88fe602221b67B400Be3E,0xCEF2C867afb682e0A325E6C09211Dfee1f65A4b6,3000000002534,-1933230721,2009018217005919235357835175,28235905487722,-73498,1555.2185149914844,0.0006429964602147727,True,3000000002534,1933230721,,
28618396,311,0xcafb21520c1339a27986e62a6861a0857239a922a68fa0b08ae1b049c29418f3,0x6Cb442acF35158D5eDa88fe602221b67B400Be3E,0xCEF2C867afb682e0A325E6C09211Dfee1f65A4b6,3000000000000,-1914407691,1994379538713455557723141903,10035064560218,-73644,1578.1328050423108,0.0006336602323992557,True,3000000000000,1914407691,,
28627481,365,0x6f19f1cb48f5c856bed3c65cef204c488b9fcacc9917784a6df0de2eaa47fad0,0x6Cb442acF35158D5eDa88fe602221b67B400Be3E,0xCEF2C867afb682e0A325E6C09211Dfee1f65A4b6,3000000000000,-1893028821,1987030487235809858364408614,20408238473439,-73718,1589.8278711691537,0.0006289989112246494,True,3000000000000,1893028821,,
28657835,970,0x40ac3ee1eb73f43888fb174da6361b6294747ab29abcce0abd85c15db632d922,0x6Cb442acF35158D5eDa88fe602221b67B400Be3E,0xCEF2C867afb682e0A325E6C09211Dfee1f65A4b6,3000000000000,-1869489884,1969580352539857601495042373,8487971638596,-73894,1618.1238563737054,0.0006179996642785114,True,3000000000000,1869489884,,
28657923,248,0xe82aa40fd807882cc2945535ea0e12ce23403542b721ddb236140d2987e8a554,0x6Cb442acF35158D5eDa88fe602221b67B400Be3E,0xCEF2C867afb682e0A325E6C09211Dfee1f65A4b6,1000000000000,-615887752,1963831552118865651391150191,8487971638596,-73953,1627.6113162798717,0.0006143973011232416,True,1000000000000,615887752,,
28658508,362,0x1671e5cde2c41690ced716c93126aa23d231b431ef693b2b8eaf38493572fd71,0x6Cb442acF35158D5eDa88fe602221b67B400Be3E,0xCEF2C867afb682e0A325E6C09211Dfee1f65A4b6,1000000000000,-612585437,1959019704112636445961236451,10086357371625,-74002,1635.6167862751092,0.0006113901547057129,True,1000000000000,612585437,,
28675869,456,0x4ceefce7bd9c8ff043adbdd59c99624154a72303d05ac9fc6e6c24aaf1aaf4fd,0x6Cb442acF35158D5eDa88fe602221b67B400Be3E,0xB547A0c155068ac2c854A65B00b18C076efB9353,-605756673242,371090000,1961933152184650405421414367,10086357371625,-73972,1630.7626490472967,0.0006132100220618906,False,605756673242,371090000,,
28681898,607,0x8e617b2b82851115b7466ef119105f540dad8f4264ea6ed2809334ef8d3c0102,0x6Cb442acF35158D5eDa88fe602221b67B400Be3E,0xB547A0c155068ac2c854A65B00b18C076efB9353,-613028208940,376670000,1964890409144647975040280991,10086357371625,-73942,1625.8575865989706,0.0006150600201656267,False,613028208940,376670000,,
28818996,328,0x8777489695975688bbc7c237a2a9ed6cbee4ace2a0c61de3a0ee11daac42e78a,0x6Cb442acF35158D5eDa88fe602221b67B400Be3E,0xB547A0c155068ac2c854A65B00b18C076efB9353,-636377696018,392220000,1967969750012915282646174392,10086357371625,-73911,1620.773511756856,0.0006169893527665309,False,636377696018,392220000,,
28908352,467,0x6b9b2f731437a75dac2ff3d3df1be2e5da302f146187a2bc496939692d1e4e31,0xC7D3AB410d49b664D03Fe5B1038852ac852b1B29,0xC7D3AB410d49b664D03Fe5B1038852ac852b1B29,-8042956794,4965000,1968008730498026971310195544,10086357371625,-73910,1620.7093068465072,0.0006170137949943341,False,8042956794,4965000,,
28919359,254,0xf81a1faf2593e17910c37193130a4d3e6cb06a7af797904be1c9cc09dbeef335,0x6Cb442acF35158D5eDa88fe602221b67B400Be3E,0x5d51EE4c2C9c45c2D1e98D8F26e060184870aEF8,-8099333206,5000000,1968047985773997948154898687,10086357371625,-73910,1620.644653182508,0.0006170384100155887,False,8099333206,5000000,,
28919370,202,0x324c56b11d1999fac740a6d663b974a248b5bf573bc403a89d6abb2fd39a2742,0x6Cb442acF35158D5eDa88fe602221b67B400Be3E,0x5d51EE4c2C9c45c2D1e98D8F26e060184870aEF8,-8099010108,5000000,1968087241049968924999601830,10086357371625,-73910,1620.5800033871972,0.000617063025527827,False,8099010108,5000000,,
28964850,673,0xd188658cf36cd5b15d5a05d36d4619740739f5297b8236fc79c0016fe77ef0ea,0xC7D3AB410d49b664D03Fe5B1038852ac852b1B29,0xC7D3AB410d49b664D03Fe5B1038852ac852b1B29,-40400330721,24944504,1968283081721789225108140291,10086357371625,-73908,1620.257529764982,0.0006171858372076503,False,40400330721,24944504,,
29008008,518,0x1ab0bf3d4020963187771cfe161343f3f0e9765030d35e6bf4f4fa7f2617b33b,0x6Cb442acF35158D5eDa88fe602221b67B400Be3E,0xB547A0c155068ac2c854A65B00b18C076efB9353,-617284095652,381750000,1971280222042173307201225309,10086357371625,-73877,1615.3343864458573,0.0006190668683777927,False,617284095652,381750000,,
29027810,620,0xf212c53d1decd771ae7637b8d92cc825ba7a451773d71181ee7b0d4120bbda98,0x6Cb442acF35158D5eDa88fe602221b67B400Be3E,0xB547A0c155068ac2c854A65B00b18C076efB9353,-617357545053,382960000,1974286862139342365690728488,10086357371625,-73847,1610.4181495251057,0.0006209567374131301,False,617357545053,382960000,,
29050992,277,0x1a8ac7c2af068444e647ac45b1543ee80808dd8a1a262d854c8bf143848c584d,0x6Cb442acF35158D5eDa88fe602221b67B400Be3E,0xCEF2C867afb682e0A325E6C09211Dfee1f65A4b6,-763124672494,475000000,1978016113356585165937527135,10086357371625,-73809,1604.3514724880956,0.0006233048163998367,False,763124672494,475000000,,
29051060,540,0xf5dee07b9f921010d796656543206112221c4ca77e73312709d69c3dead8d7be,0x6Cb442acF35158D5eDa88fe602221b67B400Be3E,0xCEF2C867afb682e0A325E6C09211Dfee1f65A4b6,-760252574328,475000000,1981745364573827966184325782,10086357371625,-73771,1598.3190120603579,0.0006256573265126353,False,760252574328,475000000,,
29228585,215,0x7f65a8f24a7da5b246def7ef32040c154cb13754da2ca97a309f6d9e270ce940,0x85CD07Ea01423b1E937929B44E4Ad8c40BbB5E71,0x85CD07Ea01423b1E937929B44E4Ad8c40BbB5E71,-3838799664,2402998,1981764230639822160942044767,10086357371625,-73771,1598.2885807426817,0.0006256692389901996,False,3838799664,2402998,,
29268354,642,0x36798c02baa0a82d12061a11103dd4ca2a2977fb0721656549f5a877efd9c8b7,0x6Cb442acF35158D5eDa88fe602221b67B400Be3E,0xCEF2C867afb682e0A325E6C09211Dfee1f65A4b6,1800000000000,-1120641641,1972961609946950945298329904,10086357371625,-73860,1612.5823345295764,0.0006201233751526372,True,1800000000000,1120641641,,
29268859,215,0xf66b10972061bc20baf73a0b622abbe7f59a57dc9edd0314282edbd098684123,0x6Cb442acF35158D5eDa88fe602221b67B400Be3E,0xdEBfF8c67Ac76153efD09220502c5D7D016cF29c,-1507343652105,938700000,1980331395457742138122898094,10086357371625,-73786,1600.6022466176066,0.0006247648359317254,False,1507343652105,938700000,,
29269626,485,0x1ce528e2403c133167bf998959db360e6a81b1f695f3d9cf0c03bc18530f5caa,0x6Cb442acF35158D5eDa88fe602221b67B400Be3E,0xCEF2C867afb682e0A325E6C09211Dfee1f65A4b6,1507343000000,-937762875,1972965284308109274635183032,10086357371625,-73860,1612.5763281346092,0.0006201256849384468,True,1507343000000,937762875,,
29269729,207,0xfcf4793f2761ce5ea16f394959230104da39d39058123e9611a3a35f43ba0553,0x6Cb442acF35158D5eDa88fe602221b67B400Be3E,0xdEBfF8c67Ac76153efD09220502c5D7D016cF29c,-1605381716484,1000000000,1980816339502304643575811764,10086357371625,-73781,1599.818622718039,0.0006250708585333461,False,1605381716484,1000000000,,
29271864,1160,0x3b45f5973c91113b78723cfa43d84180bb4e9e24acc4b28d5cf099f2915767ef,0x6Cb442acF35158D5eDa88fe602221b67B400Be3E,0xCEF2C867afb682e0A325E6C09211Dfee1f65A4b6,1605382000000,-999002405,1972969192904105730139241589,10086357371625,-73860,1612.569938878092,0.0006201281419742494,True,1605382000000,999002405,,
29272368,516,0x7b5cb4caaa2670b78c164c34a4b615415db251f48203cdefc47b01152ec7de4f,0x6Cb442acF35158D5eDa88fe602221b67B400Be3E,0xdEBfF8c67Ac76153efD09220502c5D7D016cF29c,-1605151506478,999860000,1980819148950573911728218633,10086357371625,-73781,1599.8140845909963,0.0006250726316462309,False,1605151506478,999860000,,
29272837,590,0xad9fd901162166aa100b48f778cad4ff78099605439ac79dba8b6c3166e611e9,0x6Cb442acF35158D5eDa88fe602221b67B400Be3E,0xCEF2C867afb682e0A325E6C09211Dfee1f65A4b6,1594673367232,-992367635,1973024118356782839551131688,10086357371625,-73859,1612.4801580181304,0.0006201626699264824,True,1594673367232,992367635,,
29281713,460,0x952236ea51759b86004fe737cf2d2b71cf43133b67471e8470fe7a69ee07deae,0x6Cb442acF35158D5eDa88fe602221b67B400Be3E,0xA28368E6ff479fc0F3B4Ef66B0AeBb58F463F33D,-803899740771,499790000,1976947997232289742993968521,10086357371625,-73820,1606.085556141103,0.0006226318368759084,False,803899740771,499790000,,
29305396,304,0x8b13f4e1f27c112642a1c1c2a04d07a18196f3cd7f0219a0861cc77699f60e9f,0x6Cb442acF35158D5eDa88fe602221b67B400Be3E,0xCEF2C867afb682e0A325E6C09211Dfee1f65A4b6,1600000000000,-991789064,1969157511300917730181807196,10086357371625,-73899,1618.8188571068774,0.0006177343410659183,True,1600000000000,991789064,,
29305600,284,0xc95bc25ca4b2760a88c46f3926c339476fbd240b9dd71fb03dbf2901d7e5983e,0x6Cb442acF35158D5eDa88fe602221b67B400Be3E,0xCEF2C867afb682e0A325E6C09211Dfee1f65A4b6,400000000000,-246727122,1967219474026065683231477724,10086357371625,-73918,1622.0100380843292,0.0006165189958879955,True,400000000000,246727122,,
29305961,348,0x8c000a9e1463f1cb3674c10ae2fc0f33f3e4d3a396c73d11c2dfc10ae771bf20,0x6Cb442acF35158D5eDa88fe602221b67B400Be3E,0xA28368E6ff479fc0F3B4Ef66B0AeBb58F463F33D,-2416975004032,1499780000,1978994329585216013661253883,10086357371625,-73799,1602.7658037009137,0.0006239214723017676,False,2416975004032,1499780000,,
29306047,312,0x16557bef322b640e30ae9d55e5e5458d116d82bb1d9855efa154b2b02017c41e,0x6Cb442acF35158D5eDa88fe602221b67B400Be3E,0xCEF2C867afb682e0A325E6C09211Dfee1f65A4b6,400000000000,-249197077,1977036890853708746657393941,10086357371625,-73819,1605.9411303568907,0.0006226878315133311,True,400000000000,249197077,,
29306215,667,0xbfe076d1b54300b226101f4e1c739a27abe873f66cdd20558c3a47f00f59fcb6,0x6Cb442acF35158D5eDa88fe602221b67B400Be3E,0xCEF2C867afb682e0A325E6C09211Dfee1f65A4b6,2016975000000,-1249087971,1967225326461057138333522047,10086357371625,-73918,1622.0003872384852,0.0006165226641545608,True,2016975000000,1249087971,,
29307007,220,0xacdad7e9a9efdd6a960d456dc1369978f694bbe22450215d6554778279255e45,0x6Cb442acF35158D5eDa88fe602221b67B400Be3E,0x3CEBfEfbda10326A2a5B4aEb33A0FEffe2bA14D7,-8105785187,5000000,1967264581737028115178225190,10086357371625,-73918,1621.9356563038125,0.0006165472693774267,False,8105785187,5000000,,
29307048,331,0x719c256c57b7f73b58ea2858550e23874337f99ce587c32849b88bdd4a633473,0x6Cb442acF35158D5eDa88fe602221b67B400Be3E,0x418457Ca08fA5EC77f811B105F2c585cd051Ac10,8112170817,-4998936,1967225315179601010988993824,10086357371625,-73918,1622.0004058418715,0.00061652265708341,True,8112170817,4998936,,
29307239,140,0x15f71f7919209b6b593325767808e7706cbc2bc4948323e7a2e9ac3826065c0b,0x6Cb442acF35158D5eDa88fe602221b67B400Be3E,0x3CEBfEfbda10326A2a5B4aEb33A0FEffe2bA14D7,-8137492498,5019559,1967264724012628507418756917,10086357371625,-73918,1621.9354217020752,0.0006165473585567235,False,8137492498,5019559,,
29307783,148,0xba04bb1f197a2a260c524f31af0e8d7e7c8ec97be7db3b7dcf68f8760e863a83,0x6Cb442acF35158D5eDa88fe602221b67B400Be3E,0x6Cb442acF35158D5eDa88fe602221b67B400Be3E,8137492498,-5014540,1967225334883627548975204826,10086357371625,-73918,1622.0003733494689,0.0006165226694337786,True,8137492498,5014540,,
29322356,543,0xd65509ac916f017d355dc85bf816d8ea69ee42e183a6bf1b4fa1bd356fa084fe,0x6Cb442acF35158D5eDa88fe602221b67B400Be3E,0xA28368E6ff479fc0F3B4Ef66B0AeBb58F463F33D,-2416960645348,1499780000,1979000190442777879404980985,10086357371625,-73799,1602.7563104545602,0.0006239251678356447,False,2416960645348,1499780000,,
29329922,530,0x89227e4ac3608681a3c0823dc0b1ece137d68ee7c4a2d98600250278100ef721,0x85CD07Ea01423b1E937929B44E4Ad8c40BbB5E71,0x85CD07Ea01423b1E937929B44E4Ad8c40BbB5E71,-1601948577,1000000,1979008041497972074773921613,10086357371625,-73799,1602.7435936762224,0.0006239301182956496,False,1601948577,1000000,,
29348591,131,0xd6ba22b499d3be4de50f7f69b318f2e47486d0343cbcdc3415ffe72c444cd271,0x6Cb442acF35158D5eDa88fe602221b67B400Be3E,0xA28368E6ff479fc0F3B4Ef66B0AeBb58F463F33D,1000000640000,-622078760,1974121623606767086708122160,10086357371625,-73848,1610.6877522338757,0.0006208527994411654,True,1000000640000,622078760,,
29356044,538,0x11f649204c469b9ca22bdfadcfbf69d3b945257664e1c26a5c7eefa7a931a31a,0x6Cb442acF35158D5eDa88fe602221b67B400Be3E,0xCEF2C867afb682e0A325E6C09211Dfee1f65A4b6,2000000000000,-1234986080,1964420829328360699724305449,10086357371625,-73947,1626.634977213297,0.0006147660747546266,True,2000000000000,1234986080,,
29356315,318,0xe70ba907979cbd59e71c47987c5f64448cce98ac5ed8c65b2878aa61d3d34971,0x6Cb442acF35158D5eDa88fe602221b67B400Be3E,0xCEF2C867afb682e0A325E6C09211Dfee1f65A4b6,-811289619303,500000000,1968346356925458384194619815,10086357371625,-73907,1620.1533606211988,0.0006172255196980736,False,811289619303,500000000,,
29356582,615,0x5a020b86d40a7d8cfe05349dd51a66fbe736fb5d1ceb73bf6488963b1d4bb3e5,0x6Cb442acF35158D5eDa88fe602221b67B400Be3E,0xCEF2C867afb682e0A325E6C09211Dfee1f65A4b6,200000000000,-123322659,1967377659568153135182169493,10086357371625,-73917,1621.7492155412915,0.0006166181493519206,True,200000000000,123322659,,
29356715,189,0x3258d66aed904f125de6ef94ca079db31dab698febabef160346c1b05ea57fb9,0x6Cb442acF35158D5eDa88fe602221b67B400Be3E,0xA28368E6ff479fc0F3B4Ef66B0AeBb58F463F33D,-2416715642211,1499860000,1979153143211719001241460903,10086357371625,-73797,1602.5085918343166,0.0006240216152946468,False,2416715642211,1499860000,,
29363238,3,0x94cd97312b4f8f3c1a0e145243b0a89294ef2a84ec5a240ce520bad0dd9f786e,0x92EBbBC944A7fB990976531cA642DaB1B12d70d1,0xdf23B29110Db8Afb0BCDab82dC5eE820c7F35AdC,-86535,55,1979153143635888066260520355,10086357371625,-73797,1602.508591147422,0.0006240216155621255,False,86535,55,,
29391132,434,0x7bff1bd56cb3695562634f6cfaab271f4a1b44120e06e23fb7f366266a062179,0x6Cb442acF35158D5eDa88fe602221b67B400Be3E,0xCEF2C867afb682e0A325E6C09211Dfee1f65A4b6,1208000000000,-751194902,1973252520685901726506594577,10086357371625,-73857,1612.1068931622494,0.000620306261477759,True,1208000000000,751194902,,
29425530,270,0x5fb1c1e9d01be9ee5727b0d076a221fbd34d8d0a90afc359ea1faccef68c161d,0x6Cb442acF35158D5eDa88fe602221b67B400Be3E,0xB547A0c155068ac2c854A65B00b18C076efB9353,-540449298162,335860000,1975889376083424183118994142,10086357371625,-73830,1607.8070002912536,0.000621965198446611,False,540449298162,335860000,,
29522548,346,0x8111c34c2a3b51600212fc1c29a05fadaad17cb5b6db2a3eb0ad71c9512690b3,0x6Cb442acF35158D5eDa88fe602221b67B400Be3E,0x3CEBfEfbda10326A2a5B4aEb33A0FEffe2bA14D7,-8034855854,5000000,1975928631359395159963697285,10086357371625,-73830,1607.743117133169,0.0006219899120346663,False,8034855854,5000000,,
29525160,107,0x097493676d2ebb67450fb677cb3b138eeded671f12052cdb0ce83c97ea751304,0x6Cb442acF35158D5eDa88fe602221b67B400Be3E,0xC010bEAb5C3BE2d4811F35609D5B29441aCeAB23,-1606932860,1000000,1975936482414589355332637913,10086357371625,-73830,1607.7303409584424,0.0006219948548111953,False,1606932860,1000000,,
29610950,184,0x1f58f8da8412e2877d5d1ef5961c3279ce446716e427a90d831e4511d1194bbd,0x6Cb442acF35158D5eDa88fe602221b67B400Be3E,0x3CEBfEfbda10326A2a5B4aEb33A0FEffe2bA14D7,-801870188935,500000000,1979862010011687039802952279,10086357371625,-73790,1601.3612777568185,0.000624468702903068,False,801870188935,500000000,,
29615316,327,0x26ba26c77623a071f99dc1392689cf9a01efb07351e4e48c5aaef753d1d627ee,0x6Cb442acF35158D5eDa88fe602221b67B400Be3E,0xCEF2C867afb682e0A325E6C09211Dfee1f65A4b6,1000000000000,-622614685,1974971382433935981616221670,10086357371625,-73840,1609.302008929241,0.0006213874055034308,True,1000000000000,622614685,,
29615388,175,0x83c39eb26438ab9216cc846b3011204690a0135dac1097e6acb2e4fcfd3ef106,0x6Cb442acF35158D5eDa88fe602221b67B400Be3E,0xA28368E6ff479fc0F3B4Ef66B0AeBb58F463F33D,-802300827823,499780000,1978895182798890943105369097,10086357371625,-73800,1602.9264115601763,0.0006238589574593572,False,802300827823,499780000,,
29615606,644,0xce91074b7cc63b0953204f8f7ff6c63b4404ee1ba8f7331c142be177202caa0d,0x6Cb442acF35158D5eDa88fe602221b67B400Be3E,0xCEF2C867afb682e0A325E6C09211Dfee1f65A4b6,1000000000000,-622007501,1974009324647481882313032999,10086357371625,-73849,1610.8710175315925,0.0006207821663663322,True,1000000000000,622007501,,
29622158,2013,0x8649a0fcb409b8bef5d7d0af65f961cd6e9e05ea01db5d32e191df5610177cc1,0x6Cb442acF35158D5eDa88fe602221b67B400Be3E,0xB547A0c155068ac2c854A65B00b18C076efB9353,-594736530646,369930000,1976913665495470575145239785,10086357371625,-73820,1606.141340251833,0.0006226102117782525,False,594736530646,369930000,,
29629536,277,0x6717efb422bc15854c5c3f7a91daeb086dd4a44475ca3615b6c5abf5a77b3918,0x6Cb442acF35158D5eDa88fe602221b67B400Be3E,0x9F1FDB41B6792A5F7889B75bE0687ce4Bb5A26b6,-37322570108,23251185,1977096211829035117150264806,10086357371625,-73818,1605.8447621939104,0.0006227251995602593,False,37322570108,23251185,,
29630144,160,0x1facb966b96f2ad7fcd45c21db59bb591177e605c5b29fedeb7686b50fd829f4,0x6Cb442acF35158D5eDa88fe602221b67B400Be3E,0xA28368E6ff479fc0F3B4Ef66B0AeBb58F463F33D,-800578959337,499780000,1981020012193990078639412233,10086357371625,-73779,1599.4896784236973,0.0006251994079671108,False,800578959337,499780000,,
29631904,1194,0x0bdbb0a66f2a14f2773b5f0be2fa90653c9af3870a47af798b2c1a4783757c7e,0x6Cb442acF35158D5eDa88fe602221b67B400Be3E,0xCEF2C867afb682e0A325E6C09211Dfee1f65A4b6,800600000000,-499293935,1977098066976180349671648013,10086357371625,-73818,1605.8417486085164,0.0006227263681907097,True,800600000000,499293935,,
29636811,253,0x3ffc43da369019f5d12e734fa046d4aa784bb462874c7acba001cf0c72c776dc,0x6Cb442acF35158D5eDa88fe602221b67B400Be3E,0x9F1FDB41B6792A5F7889B75bE0687ce4Bb5A26b6,-61293508533,38193970,1977397929942617967026822246,10086357371625,-73815,1605.3547490501323,0.0006229152781288292,False,61293508533,38193970,,
29648354,161,0x9903bea0edb21def30ce097acae537e248190b5ef8f5847955c915744d755230,0x6Cb442acF35158D5eDa88fe602221b67B400Be3E,0xA28368E6ff479fc0F3B4Ef66B0AeBb58F463F33D,-1518246154545,949780000,1984854705144960844539252603,10086357371625,-73740,1593.3152951404445,0.0006276221680981566,False,1518246154545,949780000,,
29650789,153,0x22278e7f69045996e45138f4a8597747abfd0568a402a0a917904c62ba2200a5,0x6Cb442acF35158D5eDa88fe602221b67B400Be3E,0x9F1FDB41B6792A5F7889B75bE0687ce4Bb5A26b6,-119517678625,75071755,1985444097636028721319519670,10086357371625,-73734,1592.3694627348293,0.0006279949618492062,False,119517678625,75071755,,
29653485,660,0x92893b704970d66b939a80982cc6dc930e1e0597578775aac886e863b2ee3b64,0x6Cb442acF35158D5eDa88fe602221b67B400Be3E,0xCEF2C867afb682e0A325E6C09211Dfee1f65A4b6,800000000000,-501149174,1981507579546667694495986686,10086357371625,-73774,1598.7026382825247,0.0006255071931790224,True,800000000000,501149174,,
29661017,169,0x2e5c03de08917be50aefe18e403e350f98c626ac451beb58e7a6129005f51671,0x6Cb442acF35158D5eDa88fe602221b67B400Be3E,0x9F1FDB41B6792A5F7889B75bE0687ce4Bb5A26b6,-82505739955,51644317,1981913041923291248759608127,10086357371625,-73770,1598.0485758173113,0.0006257632059079035,False,82505739955,51644317,,
29661417,257,0x0622ca7d3ac2be2fd6afc521647d897db7a06c3cce2b694c379c86575be79cd3,0x6Cb442acF35158D5eDa88fe602221b67B400Be3E,0xA28368E6ff479fc0F3B4Ef66B0AeBb58F463F33D,-1576209279371,990700000,1989691082304180600769089011,10086357371625,-73691,1585.5789099620242,0.0006306844734860599,False,1576209279371,990700000,,
29697606,644,0x63115bed0cd6b868e681e441c5793884efb3e4d06e18c0b7e332c1a0d46f3df1,0x6Cb442acF35158D5eDa88fe602221b67B400Be3E,0x9F1FDB41B6792A5F7889B75bE0687ce4Bb5A26b6,-29059530749,18337890,1989835054090283660035527079,10086357371625,-73690,1585.3494734880694,0.0006307757480120837,False,29059530749,18337890,,
29709786,701,0x6a68f8097fd5e119fc7c0f2520fe674b20512496e87232a53312fa1fe6afde53,0x6Ea77f83eC8693666866ecE250411C974aB962a8,0x1111111254EEB25477B68fb85Ed929f73A960582,-15734032558,9930000,1989913015068362020049107522,10086357371625,-73689,1585.2252540136524,0.0006308251760865449,False,15734032558,9930000,,
29709851,940,0x86f1251e3b0597f70d9ac2a1101fc9adf344743f2fd8b4c5dfb6b3ff439895bb,0x6Ea77f83eC8693666866ecE250411C974aB962a8,0x1111111254EEB25477B68fb85Ed929f73A960582,-157272544920,99300000,1990692624849145620184911955,10086357371625,-73681,1583.9838618473325,0.0006313195633405903,False,157272544920,99300000,,
29709863,354,0x788b72956684cacd3b9c1caf9fbcfcef0320200876a1f13ce8da72fe8d661b05,0x6Ea77f83eC8693666866ecE250411C974aB962a8,0x1111111254EEB25477B68fb85Ed929f73A960582,-78590087325,49650000,1991082429739537420252814171,10086357371625,-73677,1583.363712519307,0.0006315668295876816,False,78590087325,49650000,,
29724703,405,0x216abe13a83895d15b40fb40ce2112f799f24c8c41bdf0c04d5ea12bd243325c,0xC7D3AB410d49b664D03Fe5B1038852ac852b1B29,0xC7D3AB410d49b664D03Fe5B1038852ac852b1B29,-1580982439,999000,1991090272939748930083616790,10086357371625,-73677,1583.35123833437,0.0006315718052881084,False,1580982439,999000,,
29746718,268,0xb4c4b67d3c195f2fada86a10dfc5754fda296757a59f96bad748943136c3c2d6,0xC7D3AB410d49b664D03Fe5B1038852ac852b1B29,0xC7D3AB410d49b664D03Fe5B1038852ac852b1B29,-1574639795,995000,1991098084735739663132943646,10086357371625,-73677,1583.3388142426725,0.0006315767610852832,False,1574639795,995000,,
29749104,677,0xc9fb1a843e5d2c1b5ad1664b9740d811522a53c4c4e652c24ad0e36f6165c948,0x6Ea77f83eC8693666866ecE250411C974aB962a8,0x1111111254EEB25477B68fb85Ed929f73A960582,-392483139076,248250000,1993047109187698663472454728,10086357371625,-73658,1580.2435967246993,0.0006328138282430985,False,392483139076,248250000,,
29785544,59,0x5d4e169317f7ce9739fb8741dce4254dac30358ed95cbf659f134bf826f1988a,0x6Cb442acF35158D5eDa88fe602221b67B400Be3E,0x9F1FDB41B6792A5F7889B75bE0687ce4Bb5A26b6,-2891300291,1830584,1993061481198158946666350538,10086357371625,-73657,1580.220806463756,0.0006328229548108636,False,2891300291,1830584,,
29811945,436,0x47994a88c61b260277b756a47e358fbd3858f861a6e1e52e8c1704e27af11eb8,0xC7D3AB410d49b664D03Fe5B1038852ac852b1B29,0xC7D3AB410d49b664D03Fe5B1038852ac852b1B29,-1579424474,1000000,1993069332253353142035291166,10086357371625,-73657,1580.2083569456843,0.000632827940445054,False,1579424474,1000000,,
29812443,58,0xd42e4328249c77b9950f130845538906b5b63ab872a7761952d00d0ec2821ea6,0x85CD07Ea01423b1E937929B44E4Ad8c40BbB5E71,0x85CD07Ea01423b1E937929B44E4Ad8c40BbB5E71,-1579412031,1000000,1993077183308547337404231794,10086357371625,-73657,1580.1959075747343,0.0006328329260988835,False,1579412031,1000000,,
29835902,1171,0x3af07b3916813f08bcfc32eef3720fc6d41ffe30b99dbdaf28f74e54959f73d6,0x6Cb442acF35158D5eDa88fe602221b67B400Be3E,0xCEF2C867afb682e0A325E6C09211Dfee1f65A4b6,800000000000,-505006091,1989110369203696530792506420,10086357371625,-73697,1586.5048523996386,0.000630316382888756,True,800000000000,505006091,,
29835973,562,0xffc2f23bcec61fd89fc92c422601d2e3df2ba331c04fcafbd2bc906951df7607,0x6Cb442acF35158D5eDa88fe602221b67B400Be3E,0xCEF2C867afb682e0A325E6C09211Dfee1f65A4b6,800000000000,-502999861,1985159314004671358782401734,10086357371625,-73737,1592.826366402156,0.000627814820932918,True,800000000000,502999861,,
29836249,1792,0xcfe963eb8464a2f7ea740d7c41bb2c03279400caaf37bf58a9ca98ec68d93486,0x6Cb442acF35158D5eDa88fe602221b67B400Be3E,0xCEF2C867afb682e0A325E6C09211Dfee1f65A4b6,202690364106,-127124411,1984160753955139146334899393,10086357371625,-73747,1594.4299995780007,0.0006271833823151039,True,202690364106,127124411,,
29836551,44,0x952ad1171a8cb4316ee0033e428de9c57f611b2b5a3d38cd5226093fbd8981df,0x6Cb442acF35158D5eDa88fe602221b67B400Be3E,0xA28368E6ff479fc0F3B4Ef66B0AeBb58F463F33D,-498444404567,313160000,1986619390399753368072346686,10086357371625,-73722,1590.4859145102769,0.0006287386709161193,False,498444404567,313160000,,
29967467,1231,0xe082c0b77e3f49c8e28497da1c6f34fdb534418de66dbb10f6f52c745d705e6f,0xC7D3AB410d49b664D03Fe5B1038852ac852b1B29,0xC7D3AB410d49b664D03Fe5B1038852ac852b1B29,-331225231774,208530000,1988256570939398928357535995,10086357371625,-73706,1587.8677005812954,0.0006297753897468375,False,331225231774,208530000,,
29987338,123,0x8a7b9c6d8e2cbf0969eea0e1a14583d9c1ef2eac8095519cecc4967267d8e32b,0x6Cb442acF35158D5eDa88fe602221b67B400Be3E,0x9F1FDB41B6792A5F7889B75bE0687ce4Bb5A26b6,-1590898994,1002415,1988264440948666343930003640,10086357371625,-73706,1587.8551303129452,0.0006297803753689503,False,1590898994,1002415,,
30092739,535,0xf8466510c0c4e847f01596b440a5675dbd7f12f294162c94f57512935b8d6213,0x6Cb442acF35158D5eDa88fe602221b67B400Be3E,0xCEF2C867afb682e0A325E6C09211Dfee1f65A4b6,1496656500000,-938600230,1980891752392185010486663514,10086357371625,-73780,1599.6968142961978,0.0006251184543615909,True,1496656500000,938600230,,
30092958,1721,0x483878215ada30edd647708aec77facc3c3f1811e70105585ebfc7cb4b46ce10,0x6Cb442acF35158D5eDa88fe602221b67B400Be3E,0xCEF2C867afb682e0A325E6C09211Dfee1f65A4b6,1496656500000,-931665094,1973573539206749062874783418,10086357371625,-73854,1611.5824900216444,0.0006205081069021602,True,1496656500000,931665094,,
30093194,96,0x4879a31cbcf6c263aa20939c9bcd740ead8e6adc72dc5d3ecaf9ba7a7577a2c1,0x6Cb442acF35158D5eDa88fe602221b67B400Be3E,0xA28368E6ff479fc0F3B4Ef66B0AeBb58F463F33D,-1043503293221,649500000,1978672799555378955001721779,10086357371625,-73802,1603.2867379426946,0.0006237187499493572,False,1043503293221,649500000,,
30129793,15,0xcde9827a108829e3c86bbb8cc873bc0648574c740aa2c9ada3e855cc61bc3ad3,0x92EBbBC944A7fB990976531cA642DaB1B12d70d1,0xdf23B29110Db8Afb0BCDab82dC5eE820c7F35AdC,-88180,56,1978672799987403002706319369,10086357371625,-73802,1603.2867372425703,0.0006237187502217231,False,88180,56,,
30129838,554,0xed66bcd87a4709fda427f6ad32b1e7c36d79e343dd3a31f5b8660844981524e7,0x6Cb442acF35158D5eDa88fe602221b67B400Be3E,0xB547A0c155068ac2c854A65B00b18C076efB9353,405100000000,-252289199,1976691072693589527552428594,10086357371625,-73822,1606.5030919041553,0.0006224700126874456,True,405100000000,252289199,,
30173570,1823,0x8f18a7661f038ee5a891c41cfff3fa4601e6c991bc9e4e6c5e93ca0479421fec,0x6Cb442acF35158D5eDa88fe602221b67B400Be3E,0xCEF2C867afb682e0A325E6C09211Dfee1f65A4b6,2000000000000,-1243319752,1973501622243999695663533198,10086357371625,-73855,1611.6999484806308,0.0006204628851311389,True,2000000000000,1243319752,,
30173772,284,0x52f3df24ca3cbf54153af81abb941f0fcc8434e428b36b42e01f163b9e46125c,0x6Cb442acF35158D5eDa88fe602221b67B400Be3E,0xCEF2C867afb682e0A325E6C09211Dfee1f65A4b6,3000000000000,-1846782456,1958995178021036165835213408,10086357371625,-74002,1635.6577414940803,0.0006113748461133177,True,3000000000000,1846782456,,
30175713,407,0x61fceb399b069c08a41ce0979b0bf11330def314008d1798112b8a5bf75251bc,0x6Cb442acF35158D5eDa88fe602221b67B400Be3E,0xB547A0c155068ac2c854A65B00b18C076efB9353,-654421161042,400940000,1962142980090596857058269091,10086357371625,-73970,1630.4138862719044,0.000613341194171619,False,654421161042,400940000,,
30196144,55,0xb876b193cf04eee61720fdf5671fab4f1a52eb9b08d550670658342c67a08afb,0x6Cb442acF35158D5eDa88fe602221b67B400Be3E,0xA28368E6ff479fc0F3B4Ef66B0AeBb58F463F33D,-1161223424057,714620000,1967753501153472751610621195,10086357371625,-73913,1621.129765405425,0.0006168537654047158,False,1161223424057,714620000,,
30213726,143,0xfde66607a5dc1828e9ce65bc820b045449931b3cc5ff52c7c357afe321233ee9,0x6Cb442acF35158D5eDa88fe602221b67B400Be3E,0xA28368E6ff479fc0F3B4Ef66B0AeBb58F463F33D,-242546463895,149780000,1968929432200459333970548566,10086357371625,-73901,1619.1939240114473,0.0006175912502948166,False,242546463895,149780000,,
30224161,174,0xae2c22c1a8fa7a0eb3c8960cec626bc86e7d02278b519455d0806c17f4ef8876,0x6Cb442acF35158D5eDa88fe602221b67B400Be3E,0xA28368E6ff479fc0F3B4Ef66B0AeBb58F463F33D,-143629314635,88780000,1969626448880599998825097584,10086357371625,-73894,1618.0481174275137,0.0006180285921223839,False,143629314635,88780000,,
30439290,110,0xedf582246e121549f80db56286156210c9dfddb638c4e6d553e9b0e4c7a520c5,0x6Cb442acF35158D5eDa88fe602221b67B400Be3E,0xA28368E6ff479fc0F3B4Ef66B0AeBb58F463F33D,-322834941092,199780000,1971194932687296349632056392,10086357371625,-73878,1615.474173542475,0.0006190133004770735,False,322834941092,199780000,,
30439890,617,0x50756c1d5bad2af795eee2e67fa8c7c2616bc648961076d044672882d6c03b44,0x6Cb442acF35158D5eDa88fe602221b67B400Be3E,0xCEF2C867afb682e0A325E6C09211Dfee1f65A4b6,500000000000,-308971018,1968767970685452328045535978,10086357371625,-73903,1619.4595197834105,0.0006174899636477124,True,500000000000,308971018,,
30440150,794,0x1442ee1a7664d3512be38310562e501a0ecbc94a266ccb043dbdb6682378f48c,0x6Cb442acF35158D5eDa88fe602221b67B400Be3E,0xCEF2C867afb682e0A325E6C09211Dfee1f65A4b6,200000000000,-123375483,1967798858401848270622334827,10086357371625,-73913,1621.0550330335861,0.0006168822030234437,True,200000000000,123375483,,
30524624,116,0xb3804bce07defc37bc5ce75232bfb520a0d5fe43628a2dca9ed89de72bd53f0e,0x6Cb442acF35158D5eDa88fe602221b67B400Be3E,0xA28368E6ff479fc0F3B4Ef66B0AeBb58F463F33D,-1103587394241,682980000,1973160972078379823701405438,10086357371625,-73858,1612.25649024744,0.0006202487048735811,False,1103587394241,682980000,,
30528378,833,0x070977a832a7d39245432926853389a4fbca40a786d4c62d842971ff77501f12,0x6Ea77f83eC8693666866ecE250411C974aB962a8,0x111111125421cA6dc452d289314280a0f8842A65,-65447862442,40620824,1973479888405018789785661359,10086357371625,-73855,1611.7354478239529,0.0006204492191011413,False,65447862442,40620824,,
30528378,841,0x070977a832a7d39245432926853389a4fbca40a786d4c62d842971ff77501f12,0x6Ea77f83eC8693666866ecE250411C974aB962a8,0x6Ea77f83eC8693666866ecE250411C974aB962a8,65381882478,-40539312,1973161452807378093608140219,10086357371625,-73858,1612.2557046468983,0.0006202490071008996,True,65381882478,40539312,,
30598766,32,0xce6f7898c5eca2a3ee08ba99806678a384b52fee3f89c3b6bf8c337519cec2b4,0x6Cb442acF35158D5eDa88fe602221b67B400Be3E,0xA28368E6ff479fc0F3B4Ef66B0AeBb58F463F33D,-32343722478,20072801,1973319045471222131484026926,10086357371625,-73856,1611.9981998848016,0.0006203480872816503,False,32343722478,20072801,,
30616779,283,0xb32f63ab1834d8c5d32ca0e12a3bac5e0b891fac1e34b86c8c901f004241f382,0x6Cb442acF35158D5eDa88fe602221b67B400Be3E,0xA28368E6ff479fc0F3B4Ef66B0AeBb58F463F33D,-1104004161986,686623783,1976193397084279814381413310,92378916104700,-73827,1607.3123427393468,0.0006221566110141961,False,1104004161986,686623783,,
30678336,96,0xc32ce727160b4d476d89221bda1ec6f46cdf80068fcdce74fe4f17ef5004d520,0x6E4141d33021b52C91c28608403db4A0FFB50Ec6,0x6E4141d33021b52C91c28608403db4A0FFB50Ec6,-16048952232,9990000,1976201960657356912795092693,92378916104700,-73827,1607.2984126783956,0.0006221620030928817,False,16048952232,9990000,,
30751211,225,0xe202c69f2571083070eebab43cdb8a4764dd343a5f8f400daaf09b0ae2db4c53,0x6Cb442acF35158D5eDa88fe602221b67B400Be3E,0xA28368E6ff479fc0F3B4Ef66B0AeBb58F463F33D,-1003992094426,625127676,1976737829179334360976451274,92378916104700,-73822,1606.427094420369,0.000622499460743234,False,1003992094426,625127676,,
30770216,795,0x45df06ce9068553ead4f181d618f8a2615fd2b017770ea3c57be20779542466d,0x3Ced11c610556e5292fBC2e75D68c3899098C14C,0x3Ced11c610556e5292fBC2e75D68c3899098C14C,-2390032992552,1489500000,1978014650210199034367386383,92378916104700,-73809,1604.3538459810593,0.0006233038942780742,False,2390032992552,1489500000,,
30770631,524,0x66b883002cc4e6d16b0990f86afc39f855eae6c0357d20635ba0503c663b3b19,0x6Ea77f83eC8693666866ecE250411C974aB962a8,0x6Ea77f83eC8693666866ecE250411C974aB962a8,15000000000,-9344845,1978006635665423515271536363,92378916104700,-73809,1604.3668471424833,0.0006232988432671037,True,15000000000,9344845,,
30773096,847,0x5c35c707495b079963a9996c9767fad4f93f3653d3c8172acbca630c777bbb0f,0x6Ea77f83eC8693666866ecE250411C974aB962a8,0x6Ea77f83eC8693666866ecE250411C974aB962a8,501201699119,-312199972,1977738879436713264827403739,92378916104700,-73812,1604.8012910422538,0.0006231301068748145,True,501201699119,312199972,,
30776050,117,0xe4cdeb50e40c782d66630fa345486f9e2936b73a4675eea7478074b6c883e41f,0xBE6D8f0d05cC4be24d5167a3eF062215bE6D18a5,0x9008D19f58AAbD9eD0D60971565AA8510560ab41,-1603998195,1000000,1977739736651235496900845118,92378916104700,-73812,1604.7998998999833,0.0006231306470434871,False,1603998195,1000000,,
30776091,205,0xf3048ae2864b5f3582fb1ca0c0cb028419f0f6cc76708e6f5f1a90f6dbd0a5f1,0xBE6D8f0d05cC4be24d5167a3eF062215bE6D18a5,0x9008D19f58AAbD9eD0D60971565AA8510560ab41,-16039905477,10000000,1977748308796457817635258915,92378916104700,-73812,1604.7859885767668,0.0006231360487430899,False,16039905477,10000000,,
30776174,175,0x468050703629bb9c1e4d938a5254258133ab9a2b3d59389dae929a92e5df696b,0xBE6D8f0d05cC4be24d5167a3eF062215bE6D18a5,0x9008D19f58AAbD9eD0D60971565AA8510560ab41,1594789200,-993273,1977747456922200011917991347,92378916104700,-73812,1604.7873710345348,0.000623135511937226,True,1594789200,993273,,
30776188,21,0x81511935b166dbbcc85fe08ac5861994659d76593c463dffc94874104d0147da,0xBE6D8f0d05cC4be24d5167a3eF062215bE6D18a5,0x9008D19f58AAbD9eD0D60971565AA8510560ab41,15960077200,-9940275,1977738931711181642951113619,92378916104700,-73812,1604.8012062078685,0.0006231301398152556,True,15960077200,9940275,,
30776215,164,0x1fc3a9dc1d3aa334c2c150c6e587107b6b94075498c435d1ab90a07f9a22d2bf,0xBE6D8f0d05cC4be24d5167a3eF062215bE6D18a5,0x9008D19f58AAbD9eD0D60971565AA8510560ab41,-16039918533,10000000,1977747503856403963685527416,92378916104700,-73812,1604.7872948676666,0.0006231355415126599,False,16039918533,10000000,,
30776277,547,0xe39165f696b256064b8cd1c1aa4170f546c474e5196b327acac3c232311644f6,0x6E4141d33021b52C91c28608403db4A0FFB50Ec6,0x6E4141d33021b52C91c28608403db4A0FFB50Ec6,16109374257,-10033260,1977738898897031254005647737,92378916104700,-73812,1604.8012594607915,0.0006231301191376165,True,16109374257,10033260,,
30797780,360,0xe10ffa15898a2a4f7fdca51bb1e58020882a0f8378ec20dc8a240f2c449e1f3f,0x6Cb442acF35158D5eDa88fe602221b67B400Be3E,0x3CEBfEfbda10326A2a5B4aEb33A0FEffe2bA14D7,3000000000,-1868454,1977737296429767562758301964,92378916104700,-73812,1604.8038600514053,0.0006231291093529447,True,3000000000,1868454,,
30810602,320,0x62d6325d36641f043060efdf859b2d638cb48ceb73661946a1632f8a761e7f02,0x6Ea77f83eC8693666866ecE250411C974aB962a8,0x111111125421cA6dc452d289314280a0f8842A65,-159270489822,99300000,1977822417831825207651030971,92378916104700,-73811,1604.6657281202426,0.0006231827492018742,False,159270489822,99300000,,
30829211,731,0xdba5eb51605c54a196351df7be7b0b263edd00e0c534c8a487092bf30b729782,0x6Cb442acF35158D5eDa88fe602221b67B400Be3E,0xCEF2C867afb682e0A325E6C09211Dfee1f65A4b6,1000000000000,-622702968,1977288360775711757411366689,92378916104700,-73816,1605.5326717643986,0.0006228462475952302,True,1000000000000,622702968,,
30829846,825,0x07987f3f10e311c35bacbd07685caaed85c521257cd1472858349e4d7cb9d7a7,0x6Cb442acF35158D5eDa88fe602221b67B400Be3E,0xCEF2C867afb682e0A325E6C09211Dfee1f65A4b6,1000000000000,-622366771,1976754592056854817751443079,92378916104700,-73822,1606.3998495346748,0.0006225100184674878,True,1000000000000,622366771,,
30829982,1033,0xddaa9ad7b8855014ecad361da23c98999b357a95c8a0b4de9cb7e886588e2eba,0x6Cb442acF35158D5eDa88fe602221b67B400Be3E,0xCEF2C867afb682e0A325E6C09211Dfee1f65A4b6,279366214789,-173808205,1976605526606146082229902326,92378916104700,-73823,1606.6421515456123,0.0006224161360623995,True,279366214789,173808205,,
30830481,733,0x8a7ca271eb31d5d6c5c444ad3fc24fa708c617cb1fce617f43a468d78741eb86,0x6Cb442acF35158D5eDa88fe602221b67B400Be3E,0xCEF2C867afb682e0A325E6C09211Dfee1f65A4b6,1000000000000,-621937048,1976072126435885563038199374,92378916104700,-73829,1607.5096288489362,0.0006220802551061881,True,1000000000000,621937048,,
30855444,566,0x79be9da4cdeb77e3176d494ceffef6fded11d03c85f96c46d16f9a7dd415282d,0x6E4141d33021b52C91c28608403db4A0FFB50Ec6,0x6E4141d33021b52C91c28608403db4A0FFB50Ec6,-16050922122,9990000,1976080690008962661451878757,92378916104700,-73829,1607.4956962231886,0.0006220856468539855,False,16050922122,9990000,,
30895031,177,0x7e48b9d72eb39ef0bc2703767ac2785b7aa6f3fe212de9a41adedd8512409f5c,0x6E4141d33021b52C91c28608403db4A0FFB50Ec6,0x6E4141d33021b52C91c28608403db4A0FFB50Ec6,-3210167730,1998000,1976082402723578081134614633,92378916104700,-73829,1607.4929097197753,0.0006220867252063489,False,3210167730,1998000,,
30922450,482,0xebec48cfbb9f938cf3c934849fb166a3938ce8a01332ff40a703bddb51aae611,0x6E4141d33021b52C91c28608403db4A0FFB50Ec6,0x6E4141d33021b52C91c28608403db4A0FFB50Ec6,-16050755183,9990000,1976090966296655179548294016,92378916104700,-73828,1607.4789773113891,0.0006220921169821851,False,16050755183,9990000,,
30927538,581,0x3fd249afac24260097e090a72ec44d4df40050f9e8f3e41ff5919d828c9f3b72,0x6Cb442acF35158D5eDa88fe602221b67B400Be3E,0xB547A0c155068ac2c854A65B00b18C076efB9353,-555713773483,345930000,1976387502516330920713870506,92378916104700,-73825,1606.9966427707839,0.0006222788358012995,False,555713773483,345930000,,
30929765,338,0x83623c87e7a24fa3159c4b58e0cc6f16089ec9c05c09bb136eb7f1aff63e1f94,0x6E4141d33021b52C91c28608403db4A0FFB50Ec6,0x6E4141d33021b52C91c28608403db4A0FFB50Ec6,-1604585452,999000,1976388358873209808883286431,92378916104700,-73825,1606.9952501676296,0.0006222793750608084,False,1604585452,999000,,
30930639,725,0x8f4ec968cffc49aa0bc400941438e929fc5a2edff8b81c7b0dca3dfc4abe0f90,0x6E4141d33021b52C91c28608403db4A0FFB50Ec6,0x6E4141d33021b52C91c28608403db4A0FFB50Ec6,-1604584062,999000,1976389215230088697052702356,92378916104700,-73825,1606.9938575662857,0.000622279914320551,False,1604584062,999000,,
30931018,241,0x988661dbcc88d836a1695491a912419c1a9452d7e54b136807ce4cf78ce6ebb7,0x6E4141d33021b52C91c28608403db4A0FFB50Ec6,0x6E4141d33021b52C91c28608403db4A0FFB50Ec6,-1604582671,999000,1976390071586967585222118281,92378916104700,-73825,1606.9924649667519,0.0006222804535805273,False,1604582671,999000,,
30931943,889,0xd6d79e53f7ae5ae9341c7ae05dfd882222350a2aaaa223e14a04d698623a6c6c,0x6E4141d33021b52C91c28608403db4A0FFB50Ec6,0x6E4141d33021b52C91c28608403db4A0FFB50Ec6,-1604581281,999000,1976390927943846473391534206,92378916104700,-73825,1606.9910723690284,0.0006222809928407373,False,1604581281,999000,,
30932014,248,0xefabbf17f799dddb6cb41032e3ffc72e73883e2655c7e59175c478dd6a935500,0x6E4141d33021b52C91c28608403db4A0FFB50Ec6,0x6E4141d33021b52C91c28608403db4A0FFB50Ec6,-1604579890,999000,1976391784300725361560950131,92378916104700,-73825,1606.9896797731149,0.0006222815321011809,False,1604579890,999000,,
30932381,574,0x64c05538a912cb8409c379690c1571613d2ba6f4f04c19e1b0adca3412804cb6,0x6E4141d33021b52C91c28608403db4A0FFB50Ec6,0x6E4141d33021b52C91c28608403db4A0FFB50Ec6,-1604578500,999000,1976392640657604249730366056,92378916104700,-73825,1606.9882871790119,0.0006222820713618581,False,1604578500,999000,,
30932966,1150,0x6a29fd66ca94cdce0896cd55649877ee4397a428f82491770ec440fe3ab2e245,0x6E4141d33021b52C91c28608403db4A0FFB50Ec6,0x6E4141d33021b52C91c28608403db4A0FFB50Ec6,-89428355169,55678846,1976440369372481712714336705,92378916104700,-73825,1606.9106743546054,0.0006223121272136903,False,89428355169,55678846,,
30932966,1161,0x6a29fd66ca94cdce0896cd55649877ee4397a428f82491770ec440fe3ab2e245,0x6E4141d33021b52C91c28608403db4A0FFB50Ec6,0x6E4141d33021b52C91c28608403db4A0FFB50Ec6,89434965291,-55627292,1976392660995353924945596908,92378916104700,-73825,1606.9882541061047,0.0006222820841688448,True,89434965291,55627292,,
30935050,524,0x55438bd4b3bfc87ac0aa336e1de98f8c5bcf2b106b6fbad86e26546d5d2d6d2b,0x6Ea77f83eC8693666866ecE250411C974aB962a8,0x111111125421cA6dc452d289314280a0f8842A65,-3212877754,2000319,1976394375697128972453959761,92378916104700,-73825,1606.9854656905432,0.0006222831639427968,False,3212877754,2000319,,
30935521,282,0xa4495d756dff9cd1f24a30f8c504ba70d487f3dd168b8d34085c012c3041ded6,0x3Ced11c610556e5292fBC2e75D68c3899098C14C,0x3Ced11c610556e5292fBC2e75D68c3899098C14C,-1122642919,698952,1976394974848484310493950050,92378916104700,-73825,1606.9844913636641,0.0006222835412377964,False,1122642919,698952,,
30968557,702,0xa5461233e51b26b132bf10fa393166d8b7edfe0c640293a32017d603140c6607,0x6Cb442acF35158D5eDa88fe602221b67B400Be3E,0xB547A0c155068ac2c854A65B00b18C076efB9353,-586885821623,365450000,1976708243895634021733102272,92378916104700,-73822,1606.4751813923772,0.0006224808273310963,False,586885821623,365450000,,
30970857,325,0x642694f6b60c1319e14b9bf7cc4647b22904e3a119e43d22647e7c13948ca38d,0x6E4141d33021b52C91c28608403db4A0FFB50Ec6,0x6E4141d33021b52C91c28608403db4A0FFB50Ec6,-1604064773,999000,1976709100252512909902518197,92378916104700,-73822,1606.4737894670059,0.0006224813666781199,False,1604064773,999000,,
30971513,252,0xd84660cb569a38cb85717c7e70d445908107cfd49087b771c7d7578baa8a361c,0x6E4141d33021b52C91c28608403db4A0FFB50Ec6,0x6E4141d33021b52C91c28608403db4A0FFB50Ec6,-1604063383,999000,1976709956609391798071934122,92378916104700,-73822,1606.4723975434433,0.0006224819060253772,False,1604063383,999000,,
30999913,181,0x130b58a78aa8dfd0d9cd508ab95b54d03159e8e04cda524e81ac421c3a71612c,0x6E4141d33021b52C91c28608403db4A0FFB50Ec6,0x6E4141d33021b52C91c28608403db4A0FFB50Ec6,-4033610038,2512109,1976712110024897126182053616,92378916104700,-73822,1606.4688973871303,0.0006224832622819326,False,4033610038,2512109,,
31000189,200,0xb4f0d3e3fc8691584289f0418d23c8cff95fb8c5fd959e1a370fea2598732b8c,0x6E4141d33021b52C91c28608403db4A0FFB50Ec6,0x6E4141d33021b52C91c28608403db4A0FFB50Ec6,-16040530481,9990000,1976720673597974224595732999,92378916104700,-73822,1606.4549782895226,0.0006224886557759326,False,16040530481,9990000,,
31002622,285,0x83d0d4ae75fe980a499f17451267ff76fc09f413a97da447dbff6369ef8bbec1,0x6E4141d33021b52C91c28608403db4A0FFB50Ec6,0x6E4141d33021b52C91c28608403db4A0FFB50Ec6,-16040391500,9990000,1976729237171051323009412382,92378916104700,-73822,1606.4410593728153,0.0006224940492932985,False,16040391500,9990000,,
31009233,500,0x891a52d688d2cf6a88416383d0d19ab265335b1c48be50510f85ce6231051ea0,0x6Cb442acF35158D5eDa88fe602221b67B400Be3E,0xB547A0c155068ac2c854A65B00b18C076efB9353,-562642381662,350470000,1977029665144657997788412736,92378916104700,-73819,1605.9528692647793,0.0006226832799008663,False,562642381662,350470000,,
31010730,99,0x25a4cea58b3172c0dfd2368a9be5912582625b620519b9567782a62d3aeb8657,0x6E4141d33021b52C91c28608403db4A0FFB50Ec6,0x6E4141d33021b52C91c28608403db4A0FFB50Ec6,-2645909847,1648390,1977031078167813897024110031,92378916104700,-73819,1605.9505736531364,0.0006226841699898956,False,2645909847,1648390,,
31014122,44,0xb91318ba09b905bf10f76c18290c5537f221db181be201bd929a7c6b988924dc,0x6E4141d33021b52C91c28608403db4A0FFB50Ec6,0x6E4141d33021b52C91c28608403db4A0FFB50Ec6,-9677651267,6029151,1977036246443243757452443940,92378916104700,-73819,1605.9421772627743,0.0006226874255861665,False,9677651267,6029151,,
31029559,136,0x385f04adba7ae940a50a2c5007e569057d4fecf6bfb1b295488eed4a268bed5f,0x6E4141d33021b52C91c28608403db4A0FFB50Ec6,0x6E4141d33021b52C91c28608403db4A0FFB50Ec6,-1603532569,999000,1977037102800122645621859865,92378916104700,-73819,1605.9407860300748,0.0006226879650226859,False,1603532569,999000,,
31034105,657,0x6c2df015ce047baf9ee9e25d7fb474cdc72ef14c01cf836816bd6f359e021624,0x6Cb442acF35158D5eDa88fe602221b67B400Be3E,0xB547A0c155068ac2c854A65B00b18C076efB9353,-590066954347,367670000,1977352274863511712064051950,92378916104700,-73816,1605.428881965263,0.000622886514148085,False,590066954347,367670000,,
31039137,131,0xcb342ae63991b308324d9c2ba9da7709699d060a185b18fd9af84262ebe5846d,0x6Cb442acF35158D5eDa88fe602221b67B400Be3E,0xA28368E6ff479fc0F3B4Ef66B0AeBb58F463F33D,-1016700629902,633780000,1977895560283411955569729595,92378916104700,-73810,1604.5470494422214,0.0006232288422752226,False,1016700629902,633780000,,
31041277,64,0x527a476b77028d3ee76f69a78cd01a6913f572657b8b182ed18badaabe2e3588,0x6Cb442acF35158D5eDa88fe602221b67B400Be3E,0xA28368E6ff479fc0F3B4Ef66B0AeBb58F463F33D,-1007140644314,628164063,1978434031639729231073010030,92378916104700,-73805,1603.67374759423,0.0006235682298224072,False,1007140644314,628164063,,
31042121,52,0x064b722572ef7c2f76b261767d6497dd1e7b8042ccda7435c3824a73339da463,0x6Cb442acF35158D5eDa88fe602221b67B400Be3E,0xA28368E6ff479fc0F3B4Ef66B0AeBb58F463F33D,-1026668101731,640780000,1980063880869046679972996417,10086357371625,-73788,1601.03477142706,0.0006245960536563887,False,1026668101731,640780000,,
31044182,116,0x905c650a90d5ce73fb1c25792f1a2fad9062900ff1c4d5c4bc75b3a4300f7b89,0x6Cb442acF35158D5eDa88fe602221b67B400Be3E,0xA28368E6ff479fc0F3B4Ef66B0AeBb58F463F33D,-1003224714304,628485940,1984998158672526789484728125,10086357371625,-73738,1593.0850093444722,0.0006277128929933772,False,1003224714304,628485940,,
